Brand,Price
Apple,999
Samsung,1199
OnePlus,899
Xiaomi,279
Google,799
Apple,799
Samsung,999
Xiaomi,249
Oppo,699
Vivo,1199
OnePlus,329
Samsung,449
Realme,329
Apple,699
Oppo,1199
Xiaomi,329
Samsung,799
Vivo,199
Realme,299
Oppo,379
Xiaomi,179
Samsung,279
Realme,249
OnePlus,729
Xiaomi,279
Apple,599
Samsung,139
Oppo,299
Vivo,139
Realme,189
Samsung,449
Xiaomi,179
Apple,399
Oppo,259
Vivo,279
Realme,159
Samsung,229
OnePlus,399
Xiaomi,199
Apple,499
Oppo,159
Realme,129
Samsung,189
Oppo,399
Xiaomi,529
Apple,699
Vivo,369
Realme,199
Samsung,159
Oppo,179
Xiaomi,189
Apple,1099
Vivo,169
Realme,99
Samsung,459
Oppo,239
Xiaomi,199
Apple,1299
Vivo,249
Samsung,429
Oppo,659
Xiaomi,199
Apple,399
Vivo,269
Realme,239
Samsung,449
Oppo,359
Xiaomi,229
Apple,499
Vivo,179
Realme,169
Samsung,239
Oppo,329
Xiaomi,369
Apple,599
Vivo,799
Realme,139
Samsung,1299
Apple,399
Xiaomi,249
Google,699
Huawei,1199
OnePlus,299
Oppo,449
Samsung,599
Nokia,499
Apple,1099
Xiaomi,749
Motorola,199
Google,499
Huawei,699
Samsung,449
OnePlus,749
Xiaomi,149
Apple,799
Oppo,159
Nokia,299
Apple,599
Samsung,1199
Xiaomi,279
Oppo,899
Huawei,1099
OnePlus,969
Motorola,299
Google,799
Samsung,179
Nokia,179
Apple,799
Xiaomi,229
Oppo,399
Huawei,699
Samsung,649
OnePlus,999
Nokia,349
Xiaomi,599
Apple,699
Oppo,419
Motorola,199
Samsung,399
Huawei,1099
Xiaomi,249
Google,699
Apple,399
Samsung,449
Oppo,799
Nokia,179
Motorola,279
Apple,1099
Samsung,279
Xiaomi,249
Oppo,399
Huawei,999
Samsung,699
OnePlus,699
Nokia,249
Xiaomi,279
Apple,699
Oppo,249
Motorola,229
Huawei,329
Samsung,999
Xiaomi,399
Nokia,499
OnePlus,449
Apple,499
Samsung,179
Oppo,399
Xiaomi,199
Motorola,199
Samsung,449
Huawei,1399
Apple,1099
Samsung,999
Xiaomi,179
Nokia,179
Oppo,799
Samsung,1399
Xiaomi,229
Apple,899
Samsung,199
OnePlus,729
Motorola,229
Samsung,1999
Xiaomi,599
Oppo,799
Huawei,999
Samsung,699
Nokia,139
Apple,449
Xiaomi,119
Samsung,279
OnePlus,299
Huawei,199
Apple,999
Samsung,329
Xiaomi,329
Samsung,799
Apple,749
Xiaomi,199
Google,699
Huawei,349
Samsung,1199
OnePlus,749
Motorola,199
Realme,299
Apple,599
Xiaomi,149
Samsung,449
Oppo,319
Motorola,329
Huawei,329
Samsung,1049
Xiaomi,349
Apple,1099
Oppo,429
Samsung,649